codigo,plano,descricao
PDI-01,PDI,Ampliar a taxa de sucesso e permanência estudantil na graduação
PDI-02,PDI,Expandir e qualificar a pós-graduação stricto sensu
PDI-03,PDI,Fortalecer a produção científica e a captação de fomento externo
PDI-04,PDI,Modernizar a infraestrutura física e laboratorial dos campi
PDI-05,PDI,Ampliar a internacionalização institucional
PDI-06,PDI,Consolidar a extensão universitária como eixo formativo
PDI-07,PDI,Aprimorar a governança e a gestão orçamentária
PDI-08,PDI,Fortalecer a assistência estudantil e a permanência de grupos vulneráveis
PLS-01,PLS,Reduzir o consumo de energia elétrica nos campi
PLS-02,PLS,Ampliar a coleta seletiva e a destinação correta de resíduos
PLS-03,PLS,Substituir a frota por veículos de menor impacto ambiental
PLS-04,PLS,Reduzir o consumo de papel e insumos de escritório
