codigo,nome
REIT,Reitoria
PROPLAD,Pró-Reitoria de Planejamento e Administração
PROGEPE,Pró-Reitoria de Gestão de Pessoas
PRAE,Pró-Reitoria de Assistência Estudantil
PRPPG,Pró-Reitoria de Pesquisa e Pós-Graduação
PREG,Pró-Reitoria de Ensino de Graduação
PREX,Pró-Reitoria de Extensão
BIBLIOTECA,Sistema Integrado de Bibliotecas
NTI,Núcleo de Tecnologia da Informação
DEPQUI,Departamento de Química
DEPBIO,Departamento de Biologia
DEPMAT,Departamento de Matemática
DEPAGRO,Departamento de Agronomia
DEPZOO,Departamento de Zootecnia
DEPADM,Departamento de Administração
DEPECON,Departamento de Economia
HOSPVET,Hospital Veterinário
UNIDADE_GARANHUNS,Unidade Acadêmica de Garanhuns
UNIDADE_SERRA_TALHADA,Unidade Acadêmica de Serra Talhada
